id,bullied,sb_0,sb_1,sb_2,sb_3,sb_4,sb_5,sb_6,sb_7,sb_8
1,No,83.69991148501654,111.13569154929131,87.68421809837005,81.21278122679482,115.32064906661448,104.77981283221766,123.63350734725842,141.97467395664773,125.92973638827613
2,No,106.11075260177523,98.69134984146024,97.2974330617644,104.72151272512477,109.01493857750191,124.18167276949559,126.8776067777288,139.2820693411913,146.70117663788315
3,No,92.30815822917197,71.17677407879151,90.18405856334721,98.36564123630953,99.67775546261967,107.90441466939578,109.36363753505522,161.7686159709473,152.18605459489754
4,No,89.96565054326682,92.68913807848409,93.78406838618079,97.38714568547948,88.78289531995664,117.45284873898127,121.71651766867407,114.89968595587146,141.75543233408555
5,No,117.23668165754955,106.04257815145708,138.17329697704756,138.31491741897145,143.83120020563524,166.6511930647474,171.56474381627095,168.2495294466671,168.46196121094962
6,No,128.25848954278075,131.58405664053961,122.79712064825075,170.27647671729318,161.76681859786498,138.797008201622,159.70271280202718,165.47622619591004,143.16730851894573
7,No,126.14079868601047,130.36347022561827,133.58221207057773,163.5320222731068,164.70535926405054,178.5618759947422,150.03937004963026,169.41461993980525,132.60218162224214
8,No,95.7659022847525,84.42701013115055,114.78398195230781,109.24744367732062,91.89531379197803,109.91813630226058,129.30129293314715,129.13448536833545,144.212991821292
9,No,81.97420191890622,124.93109206710258,103.89357938885477,112.92120946770926,119.48599283567528,120.32641171064377,141.26836765706773,145.51371907388983,151.541454860343
10,No,114.4777955302055,123.47055435897825,122.58386289647551,130.5630361258802,148.48117683094085,153.75572843451255,164.75364152890302,170.11425764995158,169.4854765162464
11,No,100.6896092943662,117.22612926818205,155.4642973514773,151.39785765586595,153.1258207272139,157.36005107402937,164.50054516842832,163.78669168133328,177.0035847722511
12,No,107.4673450126327,86.43894943584878,95.79573748422577,85.35704253094966,124.66054319880419,116.36949937842631,120.88433234957532,131.2047980327286,155.07708556050594
13,No,104.55693269032099,121.40507963820781,145.47862036167717,131.30515574557742,134.56355016491497,155.33768811823538,147.98299252708733,132.60473069522402,163.5629648930294
14,No,87.0702469078313,111.85270732163747,92.58725419750022,103.6659477018759,90.61683373039469,101.78554168279727,118.73516937045689,124.81200046868435,155.622048455121
15,No,143.35088117519825,142.87548451991537,153.56799779300263,171.77528497684122,171.31359761476068,192.59927500449794,176.52566945711027,174.0426178314109,175.52717464299926
16,No,121.28792476274634,117.38224872859482,148.62117378174003,158.85807385383433,154.8041348800948,164.4955962454242,158.5974752169662,173.73174097116902,166.78940725487135
17,Yes,67.4784579706793,55.68504774661272,41.94030707658844,60.71995888294565,89.4667902724744,75.93761662189907,100.80695912696592,116.30919894503728,146.06156774135317
18,No,125.86884327137992,108.6885411979395,119.52928377831157,117.18660780408248,137.68971373208637,141.5230176755452,143.04954928872132,155.07506701391424,171.35843326610376
19,No,91.79191620363008,121.55611975545402,114.81079091201153,110.54074783132236,148.67616013706373,114.11337754733705,147.83958710223317,152.51059690603017,155.12826053943905
20,No,100.34973292372226,116.30996061168256,127.02730677174928,131.44425417283165,156.6769781614755,168.7114028483731,156.09887357038713,160.82991844587738,159.5777699610023
21,Yes,47.78535039351165,49.557026669817404,69.09534013112832,49.01114364037406,85.7839323587911,69.54071174404058,88.33297518845657,118.01118527901218,140.74781830628044
22,No,94.9787038902942,101.85523555489176,122.02175650336906,102.42122175569722,108.5463758128011,132.17150140330565,159.11514986188973,150.62153857150773,170.20461178106993
23,No,88.2182281870411,107.93589845674795,120.27112668961954,130.62271833718538,110.36446607629462,138.94056159353576,158.71266024284216,129.31151074814142,150.5588604337187
24,No,75.6268136771092,102.87542551060878,98.21910758360991,116.43872965343029,119.40918802949065,128.25217708832412,134.53656519264766,130.04220594710867,155.61952539639165
25,No,111.79753381193643,111.93198319046155,118.02442763409665,156.07765745105598,155.03881784339072,155.5469952524609,158.9799599362773,173.22333239872094,167.54383862440037
26,No,100.37674762150812,127.16624418027175,129.66167556815037,141.7729544978765,135.03783961090028,126.96801784934067,149.08107001830925,134.59222538021046,136.31631098638826
27,No,125.93052963099868,132.93785871527717,144.08914121757078,158.18022394652044,158.02433573964692,147.58754165504047,162.80850901459218,147.1165270093879,155.39834123177656
28,No,97.96768116413269,89.4690876371562,82.79141905318625,71.53255143767825,101.36148224084005,108.26304889311882,111.8661379310017,121.07025652437689,130.67551843665518
29,No,78.14612313075841,96.99772954317993,114.2170768526698,97.34326920890858,115.92517332022442,113.81351285851093,118.37546638941649,137.83607834733584,167.07491092470485
30,No,97.16193890363648,107.38732037872937,117.29436968992556,116.29527458714222,117.51743993966296,142.47332831989925,124.28851783941647,150.06119125181434,131.88829992698885
31,No,114.43152471051975,130.94073284923712,147.43332052577293,134.92522257712324,134.83007299365474,154.8995181273896,136.55698517944919,147.0547726536078,148.28470181493168
32,No,127.73381577453783,119.44520940058344,127.5832275853654,146.29872349371527,132.97653611392704,140.02123806145255,157.3494858736133,152.57442295848804,152.3838127662165
33,Yes,50.11490030807051,58.18193342342164,57.970113314302566,45.19103809120553,54.769085625833654,70.67219219627643,80.70392226996722,104.82784020832007,157.7496742498348
34,No,126.74685898723949,122.80220075600006,153.44097100299535,153.47710194707295,155.43824433463726,149.24505098336007,169.70278497578605,180.9781270892629,163.4250212075712
35,No,91.75588526223092,80.02310019156423,62.54267686081551,79.38082239205721,95.99020211425676,100.98208279453439,96.2749861681755,108.6730306361778,134.75679437997036
36,No,109.5317245681356,111.64744980360456,114.18735478206241,137.65621312124392,151.36573782486033,161.99974226671557,150.31139824129315,149.63591861772417,155.09136907510822
37,No,99.5786797705759,103.06364568373674,113.59382451198711,124.7525327687788,135.30152739640727,136.5988491926036,141.1636752200707,139.7948942365549,143.4932995749663
38,No,97.23790529554795,110.2387194820398,108.87090240128495,131.66063633658956,130.0791819136069,135.33605421072937,147.78858335797705,141.509390096915,160.4453177664784
39,Yes,84.21778150628015,83.58966150228626,75.91432706159861,66.13778224569958,85.01710695472812,80.89967727132196,105.67296237533137,131.81960576994007,147.36970586639137
40,No,103.70117157471397,122.93149983584696,125.15996295405844,115.24643586099359,138.34305936103473,142.76167202520534,151.34589763562155,149.35200875301365,156.82535308864308
41,No,104.97888117750254,105.88780833176877,118.01984808374877,124.8977944039706,130.55658473850255,168.49659593080634,156.64118001567329,144.41284201385608,152.99491924368917
42,Yes,38.11822036688577,71.44487283744195,66.008626990703,68.02021014661588,74.69291249921147,90.87246637571721,99.13082090325301,114.8639941641091,153.04933626136
43,No,71.9862213745287,102.70503450516354,103.85852786370187,127.16492226233656,130.1146278693991,147.76066479678934,166.26163316735153,143.98748995069312,145.8288013838149
44,No,71.80358874002579,96.20120873870385,88.32668144020208,117.1614389051066,115.58994247021106,121.71601140948319,103.31148256239905,135.28073364497666,158.0285101613615
45,No,93.82535800978235,123.58920925804752,111.17024864765322,103.35800013699463,135.20937658347174,132.20493962952438,153.89685577042007,138.02260577444213,151.580852783607
46,No,143.24996033119174,144.9523754930954,146.50095958248542,142.19082124340642,179.42646075947764,155.37504443086314,178.64097987506358,157.30789778226867,171.45346594109355
47,No,107.32117188954838,128.0342029433301,94.40320187987042,118.46151647099242,119.49866439353578,144.75914845077594,117.52341881578927,132.2509449648327,109.42223761409808
48,No,111.68883971584252,110.9402859088654,120.73410110525518,146.03956210858863,144.1081147572951,137.02054703937358,138.95197951746022,141.34021438550235,137.49343789019494
49,No,108.21106863960829,100.09465106837169,109.7830726397222,133.644812130762,145.35953595237578,134.81434965690764,163.78976009980497,148.8444458007366,153.98635934307399
50,No,116.04955976076565,119.46880388210242,129.03599289819152,138.5995592378463,134.78681525765793,130.63087356043704,165.52038249661456,148.0028806600699,148.4137201470752
51,No,121.00078343859767,150.12494251136397,137.38358290475685,145.30882481048144,156.49878475678008,175.60710603857743,179.3310107302561,183.9239956267811,184.39096837376275
52,No,106.64065900145451,116.50804628931,135.06010716888588,146.1222158500826,147.18480676325547,158.79442296957015,160.50339058132448,166.11749085244924,165.89070257588077
53,No,122.69781826414976,145.11260083740834,161.8020980609333,170.2104080588042,188.12528129057688,171.38187720532144,186.3634101608628,206.53349888100985,172.09572778261042
54,No,119.34655359281864,147.16818834998358,150.3644373714706,172.0609341818328,172.12376709670878,188.31066373901862,180.2834476346158,193.58527052968998,166.39678505057907
55,No,75.22331882583637,95.85743430031509,90.3511293757095,101.39222113373627,93.3384070444178,111.16462969017518,128.74929974647674,126.15683891005256,125.88751221129363
56,No,86.51319826424611,81.78751765387908,95.27640852656523,113.64920774006924,116.20521197490086,123.43866873672431,126.62202667164756,131.0903999633284,134.78201496446752
57,No,91.69763829162666,81.92586581204176,89.72538546371123,84.16598380522245,93.38285985838932,117.83953368125273,100.44509876039155,130.51421932091233,144.6075701558103
58,No,121.15583568005349,142.12790388303864,152.60727925772957,166.35811732950793,181.1227426656335,148.29996988642728,169.27490143128907,152.76853405049172,147.2455928776754
59,No,79.77625317364368,68.72165934576736,93.51555666302815,100.26595479188714,103.51218873102312,89.6959272781935,130.13843061901912,123.66006532785286,144.01254019885823
60,No,130.02384205160394,142.3294685860061,118.13218132814329,139.67875155950514,144.2113713265847,141.64275239710867,158.4654422791072,162.40518700622067,154.71155652123008
61,No,106.24190995974564,106.09459675418228,106.03827453793363,127.27577356108749,121.9402616435186,137.5411095343989,131.16761550796622,131.1919461712239,133.79000141482794
62,No,113.8366711650412,136.23512188918727,137.73080562675912,157.07021172969584,147.79012050976363,163.0119756865608,167.922427364123,172.16395052408322,146.4135326074819
63,No,116.5016289002682,125.6449016775506,108.80571802876814,122.15582693071418,127.14525382679653,137.1523771357303,135.8494237064853,151.11244259910967,145.08011269418148
64,No,134.0993326958049,189.50540085955006,199.05380770113806,188.41977431923976,208.10821110167342,196.60556352582347,200.54133631028873,200.92296882597523,188.33702699565032
65,No,120.10901667860995,136.9011756607419,124.00699120596558,159.1433326103105,148.35079774311865,170.32527438996328,166.89002833090098,171.2729611840707,164.4510115450464
66,Yes,74.97219158307959,71.21328174487606,68.64898469123152,58.777562004229566,89.87078056972138,86.40037002799666,106.09293978005849,111.58141318921898,145.30183123721147
67,No,77.45414643934399,87.93457154772042,98.10955733659378,107.65858927619031,113.89624805127914,144.6989154003451,125.46157453886028,147.00493271033474,154.92693521859454
68,No,100.42075862360556,116.0482729558806,124.3356857202705,130.54641383932199,132.7259664761805,162.71955397095803,162.65175084955277,180.37715903999924,171.56287052046
69,No,125.06311766604685,156.25209498587807,164.03141080829616,188.9844788109755,190.06942082878226,196.81682338906117,185.83848761091247,180.66194569838223,190.3161166609563
70,No,99.34662347910447,113.17217798268774,107.06237326415308,96.55925795881055,121.86792397678896,115.91440271935274,126.71011979425934,138.16340500358444,144.98874514447806
71,No,77.72708711330424,88.10276067040502,91.59894679749993,84.36998998613181,125.84943343069129,104.08683477223391,128.16960496171194,112.69642123397114,134.1311242635373
72,No,116.02345584965076,140.1749340627605,138.56633048580298,148.36880771808924,159.55408678610402,165.67608232553374,175.79556852809338,169.59312489060645,167.41055423996073
73,No,116.94174665762685,97.09217444803343,113.08584202607783,113.54959033822206,132.09995828536535,133.28867091417592,138.9801929852083,145.53704628137584,155.35230833534715
74,No,136.5398391573909,116.44119694465762,132.72297700802935,136.1243917811936,125.94173318275489,141.47571801057404,156.97306120505527,163.98458948497566,153.62702882436747
75,No,86.28592110316833,115.98915028097362,128.87221136478487,121.85424905639883,146.39626004578523,159.78861377171287,155.03861428962514,162.5862900773744,156.62631949491742
76,No,74.15650411260438,70.01660164371592,107.15919454005137,94.61623084260825,81.11494009252888,120.34367529816078,139.96429868802636,133.82477586964035,158.29142677924565
77,No,131.09264569006552,141.68525641817504,146.68676124897547,162.29209691547328,175.05298450671887,183.89516044901941,176.97165709707153,193.84688090400425,188.6198692822736
78,No,106.751437776912,130.73449877434936,134.32215093678278,142.24709490539558,142.27606081901567,170.8871090104456,162.79837621491436,164.21610542829242,156.73090835613073
79,No,105.2720931875291,126.57566635896794,140.10351025598067,139.3716020572154,150.54041998871585,157.79010268126012,176.9991502084368,174.2850393391664,160.83927706148083
80,No,108.76841878011302,117.93949744516226,134.44080301164712,154.95004733404338,160.41079627450904,151.4286957796579,155.80864753602506,155.12867914663818,161.81545173673558
81,No,121.3323205226504,146.54271669939584,127.97449488599445,141.90000092219537,146.73119923164433,168.267917782229,157.217131847764,183.15282587287405,183.9455164001066
82,Yes,64.75164834269259,50.64333916763516,70.93325304246004,63.286293055011164,68.19865618675749,91.49203775280672,95.66355648817282,107.57624137435302,133.82945108634718
83,No,104.94133481967185,129.9189863325642,149.73573228121504,159.8869038267981,149.49795512096713,153.59737360185306,155.0222089198055,174.1018274369304,166.21454527666484
84,No,112.81707879742237,108.13025695858636,126.33897427420725,133.23273613284917,139.59960920638335,145.8916579293841,132.27197312829279,150.68278112712508,147.32983063839154
85,No,97.78864501087338,115.70426643325573,131.66881741065382,132.14836396463068,146.47836428136696,134.27203167526505,148.84754296937518,165.44524154140805,148.81664211920142
86,No,139.80946439029992,144.90915306181694,163.4624275280714,172.47136235766487,184.95212334176028,191.35314266422074,185.1747224061587,195.85201730901628,184.0719334297529
87,No,76.31553544272624,109.11209901712503,95.11476427531208,89.47951811226525,113.22840108258667,130.5842759327219,138.94638164803473,137.25969740782352,157.96991774417296
88,No,118.84241895482117,147.2328447706588,143.51329234944515,157.37700449588544,171.9371995507686,172.70351349117576,157.51240210075548,164.32600938079023,166.89728218153826
89,No,121.39695490303825,153.59856759965402,187.72068616581817,180.82236900642098,188.31633549391225,184.57860193746666,185.72724260462763,173.02758794237369,151.32293936822794
90,No,140.45063917277446,128.74380997046939,147.13654739426136,148.2869430847524,167.21198664387686,165.9745724754768,178.48369043943867,165.86264379559614,158.10400998245572
91,No,110.62991539726424,108.71288243213127,117.10552547449137,124.1041537787726,142.74089841174077,134.4764117787955,160.11257628496597,157.36542464619316,170.99652020654025
92,No,128.68655303781907,133.9019671003734,141.45326467874384,169.56394245009062,161.23210368647796,156.7449716452686,158.56473948019976,173.0778623721904,174.05042746341428
93,No,104.53036217470014,150.9486029651373,153.4922142705665,167.83585240537622,178.58608432009999,165.8713002591216,178.29912079794587,160.40957629740132,168.98088375099843
94,No,110.12328767730774,129.51985869105624,145.4973077727223,158.18386143115487,152.01787880667086,183.70564238402588,183.63019630389348,174.0392028551243,170.56047179613142
95,No,100.40757374728145,99.8054269411828,122.4710972249242,126.54884538470296,123.23060633126859,134.2610063479891,142.40583424069766,147.0492497821047,160.9216729746463
96,No,71.99210836403253,86.04002619326008,80.27563923383923,86.65111724129557,89.76940677292879,101.9633619443253,120.12450570680524,123.2420520535412,137.5871492020242
97,No,128.15951519496076,146.8207421969205,147.6501818687489,146.0890904743753,159.66612164412825,172.28814499172972,174.36843325422777,179.55649835624533,172.72071924526313
98,No,115.85800025103784,122.59839148708,144.53919530098744,166.2865512261932,137.5000055438533,177.28636479455108,161.31190472103467,191.7433797371502,139.8539614028587
99,No,100.91013696845359,77.41929652771577,115.42730285091824,107.37498534428059,116.73998769379892,146.3274441938961,137.25838584025172,141.80834328240775,144.89825635573158
100,No,105.87040687686329,94.51884042364446,115.98622369827787,128.7001384842275,135.01243007180355,158.86176337921637,163.135638413543,175.09098005387636,176.0764231899792
101,No,116.755083968902,115.79626724595673,143.83344047102358,128.39896117357952,170.0650800092388,141.85512204514714,139.84530816456456,161.65534952334866,152.11432240697667
102,No,75.71219156450596,98.40817225879714,108.32437082599952,122.15942631646695,108.62853423932452,133.5185382785436,161.37665321427525,142.7408790858069,177.70772701871027
103,No,85.23822204758406,114.12134548884198,99.16436546196155,109.432193984702,131.53438863814338,126.83769467091349,130.15336936967992,141.7531418401244,164.55977575349937
104,No,122.73492383590428,154.4980373768502,152.93508516046086,175.51516852346734,167.09039688007107,188.9246506390859,183.55239746747822,172.75468927108372,181.54485529114265
105,No,61.59937745473451,89.60712942141572,75.09564975582123,98.8591896741178,102.35468182448835,100.63292550199203,107.72132171765011,117.76166353712247,131.09827598004554
106,No,125.93553577116103,118.23195954882918,134.1328418378401,111.53188191629647,169.74965239040654,147.86471669790657,132.66796230736838,170.70964398266173,173.1609932669795
107,No,103.93269632214229,116.92662173527597,136.49273204505695,120.24052047278985,165.5040534320137,159.66257380274288,159.80030255063656,166.65073900624097,151.19347028985777
108,No,110.4158662986137,109.01976591853787,123.41129753594635,112.18119557002123,110.14022306624088,124.62249513067329,117.6839514589344,126.81100787777385,140.66346297899224
109,No,76.10479383148687,93.85835061076438,87.48139487232302,100.42946122701537,113.86789319694546,104.15761266450357,122.33958538940638,118.89601061493886,161.15114074519562
110,No,139.45014002226628,148.12201943766397,150.10089544845349,161.88970191541256,176.90645842886806,178.24496083099666,177.94414661863726,159.45977468497713,148.5576765810052
111,No,93.44528719513436,87.34125047710276,133.4919003306984,127.44197287539603,120.6097595229392,130.4226908488971,132.98969799738882,123.92402360341615,160.05536042682314
112,No,111.83361080670133,115.2195437585516,132.45458130967592,120.24547303482751,141.88736864393655,161.826582648678,165.05204987843325,166.31977995950817,165.41836079198956
113,No,84.39542371065207,88.6654397223504,83.72914846403015,91.88051094273547,90.01781685120936,105.02188697739146,117.21264107088005,124.38310363502771,132.74214418251842
114,Yes,68.5309172259853,70.49526454010274,86.94639750959561,95.35037197779434,101.76074813201822,101.37068909281487,116.64866064525881,148.7217571429279,139.06681733064727
115,No,60.327774788872404,76.25027912128206,82.78331331983387,101.41880257640467,82.56402042675515,122.45563612371441,94.68948814819086,119.90716185784656,155.81410198736492
116,No,89.32582489065759,126.88557035760012,119.22658050855681,117.79326092289207,149.64069748673,134.00527385727693,142.32913915442668,160.48916428007013,148.59972439710816
117,No,124.83486921687266,117.13695937337302,129.39718159718535,149.1116054614593,153.5143222346369,165.6005118548543,179.71445117462144,178.4247255024039,157.28334557976578
118,No,90.50614983522607,100.04932507844794,131.03405794605402,133.7134125470543,134.4882133883396,129.11952070386755,138.00389797461312,128.69838001543977,142.57720185518212
119,No,93.57482428957422,101.99955301828165,130.21058128761584,127.74826708358525,123.72493284151105,124.76434483231576,154.45696101422558,163.6168928102389,153.7917471491542
120,No,155.00680862596874,162.16875105804235,175.59978630748,182.31049766910726,190.1591194344378,211.1179765405746,202.36592429402444,201.6435046852119,165.24799586766557
121,No,121.1800094977269,138.46989795474906,135.24596717838187,148.73372809381914,165.18161156465206,172.85740536659085,193.65411072499558,165.2722151439337,182.20136970304833
122,No,140.07003214320716,130.34592987977206,132.3102080347052,131.4163513903261,167.85638504837834,154.8035317830112,163.37951615400107,165.77306324306502,146.91016067225073
123,No,140.7797596191014,175.17650710603164,154.6249677131491,173.85793990818996,186.34629799731215,184.8690168992646,197.1288766303358,196.9605493688581,169.7450089556163
124,Yes,70.68190508249683,87.04514045190605,82.98236451316679,85.5156109554506,91.71860670350691,130.29338192322086,116.9471919167672,167.17818468320553,159.4734388838619
125,No,88.12622983091015,95.95049768328535,125.51807398828103,120.48093364852139,127.51612764048487,139.590783709254,137.04333429846017,136.22781043211336,148.91261089843172
126,No,77.86018003227842,98.32905194190727,100.71119797293316,98.49944276395344,86.513612923750145,121.28379430711063,122.6700496185797,137.2257711660351,143.683310252723
127,No,109.04428612050884,126.64288374836218,126.22998807109016,145.528052316153,124.52341083241986,138.53008709078787,151.34586285656434,160.70577106011575,166.51931959248654
128,No,158.01056002529987,139.84069951139745,149.9087789186487,166.4467263354862,184.55223716100255,172.95599124454066,164.53597343580603,168.42940146812504,160.6997947528486
129,No,124.76381706404729,164.08300642769413,149.39889842935372,159.2510209827753,183.4284090352945,177.80519119443437,175.88231109280082,155.30297031824878,162.115577796786
130,No,124.83775326716878,151.26944101269453,152.71818538604998,163.6413309425241,166.85599056940737,186.4421042413964,160.903854268835,191.31015460457618,169.69767940976664
131,No,84.23228202873719,112.9339508129262,123.25020049353353,137.0220719717284,135.29517750110628,136.90519990184217,139.14223847488847,146.2636242390768,163.96219214912145
132,No,134.1962966314994,161.62602261733883,176.65813539486737,188.3519109520777,170.12430409989702,187.48211317931248,188.74968780377893,169.42020230062354,177.96694577439752
133,No,105.76776182924746,135.11952618857117,117.75128596249935,138.15387126401254,146.20092917293363,126.96330166299808,147.71605677384846,109.26196204895533,143.172884777499
134,No,85.40293451493199,107.87717724824772,112.52217845156622,123.41387469929978,98.60280262434799,126.72008158666475,163.23011403252082,151.2834787146242,154.00254918523999
135,No,85.87105361298146,97.46699450712208,105.75368582591196,118.1188319867254,115.67123702919483,146.269275447426,137.3874112072264,152.25475257940138,139.63768866484537
136,No,78.14182341145178,83.05127933575794,76.99427284400764,89.00752518613156,81.59957942943039,103.06052920864138,123.08550811675086,107.47954361688835,132.19621346029695
137,No,118.2345391126945,97.44694753093195,95.33883690970727,125.46571175561446,133.49325612333615,122.31224879860078,153.85998788246636,145.29171812298497,159.0360759018803
138,No,79.22217034328224,92.58085312955248,104.3308441082569,109.21807188171371,124.09904551489483,128.84724175935685,123.50380843298285,148.12740182502395,152.14035915945865
139,No,80.4267406293705,84.04848829243765,94.8484082335893,93.36839692312849,117.06213463066435,109.74371665537595,104.22301136389642,144.83827021931606,138.92143503888641
140,No,162.81766057443747,174.85030336558407,204.9083695514169,211.25648611917444,228.89746260122638,221.04938876805204,222.71738245426678,182.18997029504067,177.59681479661134
141,No,61.47752581016004,85.73842766502344,84.59421691134264,76.60665807761669,119.00870125408785,119.72941241370248,122.84458788243741,123.65253837838317,149.7198446515103
142,No,85.88472185133357,99.06531015115108,100.54121529607599,89.97638804827808,103.42361009822024,121.8208480696803,113.52637269897485,132.25230116480284,150.11442280296578
143,Yes,77.30833569043044,87.90733071532281,72.25940799137817,76.26446807045221,86.60711844561516,92.68348242836171,96.17982408919684,118.52063958997363,150.88787714672836
144,No,107.84034348391606,102.24268676480527,130.042732998698,138.85685779401436,132.60113190546195,150.4199428109598,122.37685678007708,132.5508864881099,146.7596732187946
145,No,92.17940997298497,112.93902185908327,101.87532060702968,105.84279901925842,108.91154603240435,111.12050810497925,148.55865112660354,154.5641724659266,165.41560449156717
146,No,120.97635703814602,132.45494685490905,133.35480290908893,147.78877755626684,136.647927903723,165.3579568043943,166.14449432052828,168.26304628393123,163.227615579486
147,No,101.5181755057352,105.71223464152399,116.84356505111147,129.6490011473596,144.96834082738553,141.89630547127757,154.08144893230605,146.76450967024832,157.7124100545005
148,No,78.96840917180954,70.99018805829758,86.75866529366292,78.39383518322177,88.67206184189197,109.37193826917243,126.32104961887687,126.41464779615839,147.23240390372342
149,No,78.86793769588495,91.37506551481786,117.57733425231105,130.6430032801416,118.4390717430203,129.03533291509584,136.38169246772082,124.97977613695844,123.48472444122766
150,No,81.31047197329846,77.03459081154938,97.21787018700482,106.85009598638328,102.18429453366481,118.26416994542329,132.08108770369205,133.70998127355028,162.63221075867335
151,No,98.86501139457037,85.66372051617118,82.28909389196647,99.67732746474056,97.20117070639938,108.89182746827552,109.52988507400565,142.43054643604395,139.42611516849246
152,Yes,52.796950408602676,51.20085081480489,37.835637113991,44.922195181762945,78.2422133502684,67.42904877388152,88.71158834423369,118.00414041419921,141.5135176629442
153,No,109.91535148534106,114.0239431032909,133.97606574390687,150.11166300582664,147.51380218123262,151.76405667357574,177.6583733400359,159.1084100810861,158.48980034269886
154,No,84.76122596688583,83.75003928258329,111.20858019827011,112.86093619269745,127.3447442077171,105.77314165034775,144.15954504915223,126.2504366975444,141.46093343298443
155,No,62.52749673775686,94.68989480141629,89.42971749153227,97.16317207005987,94.76255163277483,100.11773945341241,112.96671859753407,138.35538184172066,134.74000434368975
156,No,90.401259100849,106.6008592505774,101.83888140917435,108.19273329230342,114.85960861365774,115.4343744155189,123.61122598266329,137.57062580388356,165.68097115260812
157,No,105.94355893947835,116.14863256635611,131.86179762365813,157.79528776372086,130.3020985630634,140.49394636979477,161.33772140959638,149.25948019178136,152.39290528159978
158,No,108.00970712866567,132.83525998921652,109.23250489330553,120.57031007743556,137.1916554713489,150.26424364913552,147.82045447793058,157.59924825908533,159.73880436111696
159,No,105.3084352708444,125.70346766527022,128.07542012624072,138.46875276292155,126.92945690215969,162.82018650831097,164.4782286921605,157.77809122853074,158.16837847298802
160,No,99.43898408223636,87.78656849683176,84.26057501339332,84.07538247182492,85.95765951859852,102.29242878169838,117.68189673321507,108.98811965498012,101.42238211048098
161,Yes,35.53147894814262,31.028149746700876,19.245896243749783,45.84054679472081,31.198798596211375,53.69679660861419,73.28895307691693,100.66284675500165,130.09448486294008
162,No,182.73743386150687,199.28638937727038,220.975088756856,228.27434535998327,221.13453046928055,237.38737927628932,230.68339244691964,218.0849595662366,185.54790774133932
163,Yes,67.32230562320684,92.49470603045236,92.14239619635181,91.89451300162276,95.71944631700839,102.31659002260874,110.0655872120897,111.57475701038553,146.14197205456222
164,No,113.66312667355434,138.58133598053297,131.2711405536443,146.58431371440463,162.34894407810214,155.99247476302241,147.33219379503979,163.82707768842766,172.85773075287125
165,No,99.36162465286786,100.42379917791924,120.96551239399648,121.56856493317022,118.56692421001677,137.33861752686008,136.90927288000069,144.7087846380885,157.84753046141347
166,No,92.17300604309355,105.6832591375341,126.8342463110983,127.56532930394263,142.58511366608664,134.47075292747584,153.32215359549218,153.64447148949,148.50182251753404
167,No,131.12116454595764,160.43326048998,163.14567819835807,189.10693121559558,178.49378532093678,193.7662987720413,193.23489494506114,174.35710898832448,189.34179766855183
168,No,126.35244972936462,147.64974184407544,176.70956820988258,185.99376632953508,189.30087419834237,200.9636441340155,186.56761005253497,200.77569847287396,184.73001120255634
169,No,88.13221006750595,89.17411469838679,136.73867668667745,135.0134775074438,151.85452191766737,160.4428571267507,146.94076803898406,149.6610930452753,171.58387416329117
170,No,98.5363177614646,82.67397421175171,93.89227526592376,105.90917335526079,112.09468789253081,117.69657876293402,121.10352735613397,139.8581127882851,128.3496688871351
171,No,130.10995149413304,111.59332739069798,117.66630806987182,136.86021987437124,150.89869339975957,149.60500090807804,163.17811410387327,155.31931307503723,171.25294724851813
172,No,82.12016267601857,62.50520382778703,62.443844953427494,84.24527779778126,106.62204621785722,109.36945006200615,108.87949227206079,123.07903714528868,161.26882421754578
173,No,80.72308043084027,116.16330674845814,107.18464153731982,140.83754441684923,128.1208180747374,149.6031846411588,135.89680498838462,144.47369156314087,163.2959010606236
174,No,134.53343430755882,175.23175336607198,171.13704579746104,190.80692407201713,195.71833677747333,202.81408513427914,188.7257416045677,202.96832583877352,172.32910067636357
175,No,147.51849329913207,134.3447128916287,160.1958477690833,173.70728310606637,167.09047943924134,169.24083614206742,190.92929871555597,178.61257465801614,168.63956955016278
176,No,115.91311548695657,136.09041051702792,132.9132465385791,135.8392349453359,163.63265522445843,161.83773833763172,161.10069502133643,150.36971934643307,153.85673138475474
177,No,81.59506190228734,107.0316402419413,79.89835303267277,96.15189145580075,116.5848941371173,126.6117995319585,132.5599613446471,143.68074825723207,142.58529454971935
178,No,110.41684276688667,130.03957283300738,169.07871678152804,165.83998208965966,167.02387918636137,154.79357469603832,169.97661636806535,180.70689803695672,186.85619406917817
179,No,76.77923759431002,104.89433195074834,109.20618511994174,105.33992190435865,115.74257862038036,151.8795288565878,131.87835867315988,139.54513831136407,160.13183513981267
180,No,102.54933021370506,122.48965173008125,124.66950980905183,133.2210940566128,143.48476783965512,141.38197546563492,151.639936496205,157.05636930393973,164.95642227519963
181,No,101.26133134283563,124.14417331889292,141.44360174606757,132.34959456691942,145.38595889156647,152.40974048118667,147.57767767397783,153.2457806335843,172.85038528317608
182,Yes,88.12171602961145,38.08214106949083,72.58700350260617,69.34774774369885,74.71613662197421,91.44358161466154,100.2251619816298,113.88673496217045,133.9112019612471
183,No,104.18505005800988,113.6078946612441,133.36377911643908,127.57182403635069,149.83680560884264,141.13914492545587,145.35311697987797,125.91825013476803,135.03983881097275
184,No,128.69650130503373,139.36338901350285,146.88388914985993,164.39027605527508,170.35218308645827,184.117597726886,156.75190931913818,186.37798560334255,169.48636101518332
185,No,88.83618801235949,78.10483339590951,104.63392255359504,76.80976171456471,108.03122762816888,96.15450357776797,99.1838525112143,108.75078071446947,135.19733661947728
186,No,107.78320363453365,122.96960302570318,135.1146213992318,136.60507432523778,151.21975995512642,160.44326381838033,148.33124106290563,145.47889048170654,133.03938955900668
187,No,139.65177965909996,138.53259167782176,162.2560514712259,163.53049768577392,177.31419995458225,174.24488079452976,178.50031678865562,181.95459535524026,167.71704444475137
188,Yes,73.65451970471013,82.86546157225072,85.29337816858174,74.10976719151577,109.95021572410312,103.94412306479167,139.31684367973642,149.40255515676552,163.87186132650007
189,No,101.42610793221385,121.66641878661657,123.13800642326635,156.1563570940082,147.66756776056295,151.0873296945303,136.45114958274797,136.39266110030798,158.88654826329906
190,No,136.7405918795052,162.15455230121836,166.4111718885799,160.37781179886275,191.74512567358897,182.98019196964628,183.53431445650995,180.0594905536708,167.7085224523228
191,No,77.48881361113914,80.08611544193866,104.40236029019978,105.83238700975627,104.21846010552177,115.85211233706296,162.45716914295377,147.28256381800787,162.44934297159236
192,No,72.36736390639057,64.15290881923355,76.94948361203484,82.27294470415362,97.02109183374156,105.81224871939114,117.31040961365386,122.8121781653127,146.10554285284948
193,No,59.602265726128216,77.93855519418611,70.28252607837067,97.04607339654422,102.40703098210986,111.9074308196761,117.77535566727815,117.25679692760164,133.75042054883474
194,No,93.99555572269556,103.84810094236782,116.32682290715513,121.04278566354678,139.7278386903081,163.64271885105106,147.6338019906924,152.37737572739633,172.03219663695754
195,No,104.61053460367108,108.13611193679935,128.51138839213883,143.34399338168294,148.36634401335354,143.15794096806945,153.32796230350627,159.2914178066513,142.09238132552898
196,No,112.88367337454872,127.08758414374932,115.40361016393621,122.28068552641082,129.05279347060065,148.93344254711732,143.42098154387415,149.32403845391153,147.62758105109205
197,No,89.31412530954677,93.76815202226501,106.1607127139066,128.4024409196526,118.57246552504341,116.41438410921191,152.3029265769483,156.26796211695307,163.25767155159167
198,No,81.79125377564208,107.1599146081415,120.66928269502192,136.42494166026137,113.45521488348024,128.57426152802222,131.84624500311415,119.60803263450157,133.91589519964006
199,No,81.66894117418221,74.295474560712,81.6518924716226,113.27676096507099,101.15804015076851,112.31958331926522,121.98754550192767,115.49808122053727,144.6372605302182
200,No,102.26677653607456,129.6110070483847,105.81513916246429,136.8649661220592,148.30593998153125,156.8649223854252,147.76959395206072,136.43861438112853,129.95842903534972
201,No,80.0768993139925,93.16971037152715,94.7792778173047,78.14881779288746,96.24817418458048,125.36075379370672,121.0026658558818,111.79727417990375,139.34390266949558
202,No,66.03396528544184,64.92186862003507,91.13761559651033,69.28935490647757,90.72415649417691,102.00593088325914,124.88439860515776,151.68642948390783,141.02601596160068
203,No,92.89705847341625,110.83155410295134,104.52131173803878,88.0004100275653,113.80026367410991,144.3751688897246,138.04466168615454,126.99441444826651,147.65150677951885
204,No,72.4242876592584,84.39727484935798,82.97309126406167,93.72132708689284,98.8335234519203,111.5597440837376,117.02363286286,130.09222525771463,147.88518409674907
205,No,92.73783825625435,115.01883081482947,128.29110706803803,128.74457077076542,132.56794044549886,141.34089868448746,146.69707820236624,158.13773025147282,158.81068879533672
206,No,80.54454324071516,79.10867203228923,73.60677771467789,75.79928851809754,87.00944350961203,96.51450816034041,98.14839140058322,122.80785202854166,138.56619944128428
207,No,137.446710823662,142.75155183917775,160.97645833796446,171.8527563053377,196.35538262310095,198.00881051077286,186.55962361529626,181.42144894663315,143.47384804558726
208,No,104.40688828524425,105.9186555849327,121.9230970876055,153.3726328946258,150.52027717819308,157.69955957666488,142.26077119929536,155.35955362670614,155.4963603940807
209,No,99.66692200726635,96.9841994334416,104.37796170663583,127.2218505151856,111.30053662621202,110.3415999405799,135.59080441479315,135.17534578592844,157.15157081383407
210,No,121.65470457971273,134.28607296842898,138.2560962640905,150.763758161226,163.41418060718382,159.1238711607205,167.3769351571292,151.91122412148562,183.49674541109363
211,No,103.14361947543664,104.10689548975694,112.78984483334173,123.1453651029535,132.14609184853362,148.11903380155576,133.82441955871164,161.7732647039067,168.3229877196137
212,No,91.63983696731214,99.94785894723469,126.54061960522998,131.020917548764,145.51721497296748,136.94817022319802,141.4318080173735,153.36488372810564,150.87459501039558
213,No,82.57128769422212,91.23166855149,88.09221209406,86.30216625792558,85.15754976657409,120.59189419718895,118.66847910900373,132.42671618135014,125.78899353266415
214,No,127.3063404672607,144.04633267917126,146.85488025916817,173.20832738016472,170.75381566059335,188.51421560585658,174.83126808601958,171.92896807795705,189.73583694082498
215,No,78.98727523857474,78.95710654267674,77.91326381229106,84.66247840100127,97.34747671043007,83.10364534998642,105.96490611118645,128.19814124020013,126.83338802280689
216,No,88.69829461666946,89.61326434173066,73.97238521446505,91.31490667080976,80.31701933855886,102.37510193467668,103.74370985163014,114.16619201521911,123.62234479088397
217,No,90.16950408243332,100.83297874102465,108.40911898351203,111.59516297603147,140.0897230712185,129.05950925684792,118.20635881947491,124.93355141085362,131.7901101688459
218,No,85.44076853187592,91.52170928446702,88.05635959197146,76.63082796444203,102.92581931183804,119.2553728779258,115.93964781200138,119.4055448804773,130.08426112305747
219,No,93.72072373910495,115.75285548317154,120.48337259314164,118.62064772087902,133.74736738012504,153.9443886638898,170.7595841516309,160.53652232807366,134.36366173818885
220,No,96.43550588777514,93.20956475611504,84.0986708246829,108.43792029043034,111.33324796949748,122.74002002776811,135.0322133255195,156.79313096934476,158.31233274202816
221,No,87.9114098192818,84.57911887338759,107.21988865258339,120.45120947574999,108.07129863959942,109.74013714727045,122.62925602081603,123.39659815571214,132.75319669363935
222,No,105.93145047839369,132.7954287115875,149.25499428790135,154.83589951046568,176.27688429370806,185.26659812524767,170.3372866005715,156.9077906891607,165.8649487730844
223,No,97.43375168145425,106.11474942011426,127.29879829626562,126.09148504804573,148.27540087815552,133.9985216124204,138.93905319562694,146.0256839156777,147.22655915978163
224,No,81.34150399607098,74.26591422597443,89.12300756014645,111.54036380634912,113.21914302026099,120.3118720058186,147.11392625542305,139.98586452396367,154.46854354606504
225,No,94.66718075617209,109.72763225048516,109.95812624370754,125.70668430071534,105.81534564000916,150.87117205774996,118.22871571623175,126.11347049829726,139.6497104819875
226,No,99.56794959404691,120.29546337496984,133.92944819751213,149.1084576014775,143.9813287491308,154.42223322502323,140.67651773418862,157.8070300216759,143.72221391300016
227,No,84.52591402069017,95.51736038232762,98.19585423355805,98.49139794560445,96.92344981872714,113.1452928687961,117.71981085527358,132.34825344870563,136.2248543312828
228,No,102.95533343974242,121.53447422214273,125.4739032607786,113.15195758991838,110.5531906668866,130.49968762653043,137.81989868239583,151.21921529571753,155.35666567456752
229,No,81.94643868030718,104.13608725841563,111.002610589681,117.7349520990733,125.9718909502664,141.25581232071005,145.345299184806,143.6192779698048,155.99015713616666
230,No,69.77312630634833,79.39868003130263,83.0693066095462,98.78807622423706,103.45196851752704,86.0799826537132,104.86800657546664,135.70930271321026,154.88548317112708
231,No,100.27935488288293,115.13197090743583,117.75492021243343,119.18584431872806,123.55871828614933,148.1512367561065,131.29367539506336,146.7758833625036,159.37909816687025
232,No,121.30175537742024,102.34171306331085,126.13181119934953,146.79960358446695,144.83948765374112,166.33684773850064,165.0310480757886,170.53691258699243,163.18210334313093
233,No,109.52309684354607,120.85738475337013,147.92481014799858,142.01558237513402,137.45323164835426,150.48063998664693,180.01208180958184,159.15144130009946,146.06945233040372
234,No,86.81154886866472,111.68225543498758,124.24609598237382,127.75685780211171,144.51697769044802,146.25593379508388,146.13209797413046,150.89143398224007,147.75792279389742
235,No,120.19485794155372,134.67742124541556,154.19427935864667,163.42535186027274,161.6522710298532,190.80231025011074,183.479396142928,169.31825293308793,174.4870725597446
236,No,81.62443460402426,82.72200763712239,76.18543572221213,88.1755273775345,90.86972844574134,108.22684359943369,108.27413326235919,128.9562265720687,142.9459981174622
237,No,91.41329096791213,112.03563363811352,120.5796160478449,142.0509360210765,131.37203034912824,150.8789500641038,146.397780064298,162.5765931986956,160.70155583203154
238,No,115.10949300304921,123.43263466331945,106.72097254877286,133.65378183871834,137.5799114840964,150.28162543954102,135.92442615648747,162.44151293155383,151.86516697170683
239,No,92.6767433177711,126.40101736413125,119.22134787807076,99.95302418335638,136.0903836374626,125.49174083165099,137.5781378654556,139.67566822637087,143.77697021407843
240,No,92.2954406374015,136.0916375723704,139.0826421073839,158.97007038515514,163.01592074521074,147.85241180567908,166.22150907154503,154.2140981913385,164.1189540684638
241,No,90.34594614831353,82.88574108285067,96.22287073215035,100.04543703796045,104.54351035721183,116.84453425591859,135.9615687533309,122.29249837540038,143.52658960271052
242,No,121.67884310208487,129.80974462825213,138.16159561017045,155.53203147876934,168.20944044011333,166.63579522120455,163.5506205694516,161.4325161116622,158.412813491897
243,No,98.11013556600781,136.87233576362058,128.20655339011756,152.15339344391379,163.10970894900078,167.66396381919733,164.26916302791238,171.82295947755813,140.2490796292317
244,No,82.28985128549255,104.21420014471266,85.231562905616,103.68049242035566,129.15059277541448,147.81112132490685,143.0597231354044,136.97377067222214,146.24363845260675
245,No,85.68288903790445,88.08010004876884,93.07097768152205,98.7997966832439,129.54198182078156,133.15926313128142,126.29872971776649,141.17068954421742,172.5505169628251
246,No,102.12318418995866,132.2617714492899,119.10956847921537,139.13002069633632,139.86185943097627,148.5092405761305,163.24926683475158,171.89455719209568,157.13309761952556
247,No,92.35723756750514,83.47210401923842,82.94057472620926,99.31315412080852,112.32834379360504,105.65200943762868,110.18409455315688,116.45291232280296,139.88171677950956
248,No,81.074150484022,83.77252899743486,94.4931655563384,107.14383930504954,122.29952642816936,106.22634082994267,133.16216837071613,144.5983424486641,155.83583596697517
249,No,117.62515837899197,108.88675628602999,172.60625649721004,162.5359952073918,171.48581442556008,160.4248579080278,158.9524647535546,169.21412072951875,154.28998015785697
250,No,77.98173066945395,89.37682731443245,81.47104590577655,104.02152249541237,96.66119958962358,103.90114566452641,116.26667284738191,111.32856029228346,145.34350236734787
251,No,84.76192282460522,108.78181074803004,89.56833678531989,114.95533671303414,127.05372492200048,145.41673482100984,132.21467327793118,152.11492063433928,170.1327675863613
252,No,102.94610203631792,132.93797595010466,161.82973981571666,155.18181718279146,169.39981487764874,177.77338190266516,165.78188932033123,171.10320869926096,163.57939666930844
253,No,91.46154349004868,95.89625314513194,100.29762728835381,85.8975720880025,118.11730747987502,117.7511039921946,119.03578479330471,135.38357204328295,156.938576662254
254,No,105.93118871652598,122.87372862242471,116.56465071163183,124.74312252843971,140.07875002695593,145.99136931927544,147.85765246425407,143.98920863494922,149.18779704519957
255,No,126.56393896878103,104.51213798521688,152.1814871242721,149.31488939268667,159.61368926841283,168.76202497213217,168.18718146289135,182.28656061882555,164.83611467411214
256,No,124.04443644325906,130.47186974172286,161.99560657527581,176.70161370969862,191.09671047850566,164.76066300680878,164.77435714945517,172.53174304287376,161.38450768806965
257,No,87.16468531153063,93.35523704413414,111.59643813398709,87.22793870882393,126.29303115324255,114.79752269327099,122.3879226640739,135.65091194500644,135.3408487504734
258,No,109.43790593523704,112.64551341435981,102.02370795530656,75.98934302823352,109.55761448002308,115.84853947570784,124.2837295580579,123.7989426326998,133.51495132578566
259,No,95.09102975454277,76.18173439463484,94.21576648635927,85.79628446440401,130.30732713108293,113.03696557235247,118.56569814307073,119.48837256683943,153.14469766910602
260,No,121.72447636169753,129.80034771291008,157.43378338599666,153.4739522549063,161.4503785901798,165.82687505558695,184.5011338497041,159.41928441903733,167.16580687953666
261,No,108.22877824955077,146.92419553279058,152.76119329261815,187.53150974157208,150.31904513158332,164.89330019586285,184.05163741815937,168.17243017162903,163.1371782783404
262,Yes,77.45653081376456,64.8685656959152,71.5302805326229,67.49072416437635,78.56276525371595,95.90972876214367,100.71501329050443,93.09709648488749,132.36401140424917
263,No,139.69293586488925,136.0477303069849,144.94340964700245,169.03603519770823,189.8234119487562,182.69431985850144,193.13237675443494,185.9978700969122,203.85068451033555
264,No,62.68944698004755,65.912397316718355,85.85819855610677,69.87142014125419,97.1504190513617,113.14330156360296,112.5313107442734,120.06262357653279,131.4246181541209
265,No,116.31942972897593,114.33201847093966,128.14744707922534,149.70638666290293,152.59891223390554,155.45781384623598,152.3824985336767,164.7101327295734,150.37975964721318
266,No,94.46805394616136,96.18697398991932,114.44204803309486,115.71220397676875,131.95493896034816,137.90235093698118,141.9834849488094,149.18204631230324,144.02210640393835
267,No,140.69930368502997,131.62505616797964,147.40395302810316,157.67565270585754,169.36352752232918,160.12096932681362,180.1002462825974,176.232317903902,163.67304762734435
268,No,94.55486499051547,104.74821412858172,95.47575377104512,108.298565350738,123.07596825433947,123.19994272685679,137.02161148731835,153.77022747264772,165.22188684737048
269,No,139.02408844527218,126.30085163770431,160.13582924200549,158.68065948808552,180.05063760297372,175.41563194125484,174.51247243193393,175.39370391500768,167.67352551011047
270,No,120.62783609368918,147.887743672329,142.91410494833443,164.9047185459047,168.3566125007301,151.10838232136996,184.40715250115252,182.35351237274097,168.0310393225288
271,No,89.09782677447346,66.79403443836159,92.85603944968827,96.4401161283441,100.09814464790662,105.9885726711115,118.69310139099161,131.55423098072936,122.14764035414898
272,No,88.95073031962468,100.17633449241906,112.04032698516056,117.55655842657568,119.4570066373616,112.97988424565246,145.55861046928302,148.6544607199626,165.03185163910223
273,No,98.6368649147456,76.69501683280166,109.98426184303612,106.87762421899123,112.37775694037497,124.0016913903544,118.83694744110548,125.32323184640663,153.70364830256992
274,No,120.42994616495031,123.48523596287573,128.0108193429616,145.60430877456588,158.53911598183333,166.1896542811209,175.4799473930214,176.85601467608083,162.52907315020462
275,No,65.56676743738852,89.71098181752346,99.55846746046625,100.79823054184936,102.48431812312799,114.85438802549935,116.45730827259808,146.59392328993061,135.5229573834147
276,No,109.70925621676886,127.41109263752163,124.47279644742285,146.685086219906,139.3428123141457,147.32724033548718,163.24573115006805,157.5165537573865,155.32590070820328
277,No,111.10724718824868,133.9102593996145,142.66379455516037,141.47052362672213,178.14599132879172,150.99884213797696,156.80528029424005,182.47183931159952,173.0459534338421
278,Yes,67.88109537136233,51.405952689044085,53.91031771791511,69.06916112303206,67.10282947326085,91.90445892745134,102.728759287239,136.38749661798252,147.15023017927408
279,No,125.24461554201255,142.7466247659782,127.96005127536938,175.6682058099038,161.43731957787287,181.92647476160522,177.91985970596136,177.97862338452066,177.40479223071205
280,No,102.10647224012875,118.18912993821424,130.9963370319395,124.94529662397369,155.1274200468073,118.60961794698261,153.67897524099322,150.67801781256145,134.91444615543531
281,No,82.7984809014312,96.69407194830656,101.7394800797402,121.48449712306147,120.59673240870438,124.17766852046039,140.73691869552397,166.2130489392076,132.65242172396898
282,No,117.49703265750802,118.60106542447969,122.616427650132,143.44799820098808,144.582348515554,150.81325585820784,172.83137639391992,166.63253945021586,143.33482816090122
283,No,108.57610582370293,122.96508128964793,126.11953440703509,154.8221135254195,157.20423023088162,151.71740708615448,169.74276742076384,191.5794953934648,171.0543658470206
284,No,89.9919925356295,88.72032092478906,99.9814910435201,111.43720583277086,123.65551071001349,114.35368500844358,127.35932503591376,120.07723774394236,131.2845462028031
285,No,83.83703171889069,75.4862611354892,100.44740081039046,97.90437044125709,114.96851351307663,98.8523180979228,112.70974988074344,106.35819122876222,132.87652969646118
286,No,136.11152098684826,135.73782731077478,177.5654186285503,171.81809018898758,183.2788179601932,182.7910990580981,167.59839798211755,161.88890200166998,150.83399813049132
287,No,117.62888622433006,139.36522112075593,147.58830543858517,167.10768559588575,174.98880029078958,169.962740326739,187.78896067085913,175.2919867648041,180.90349816267167
288,No,107.9430900638782,106.78229284674192,108.74363949449044,137.8554562924964,141.58210498144163,142.22379405842906,153.9738438679899,166.90357867283242,183.19082431028534
289,No,116.36389848702686,114.1432749301151,102.97363823542075,141.50376017847822,129.91384518661746,139.51833143073964,136.70038603569023,144.86224615341527,134.10897594921786
290,No,94.38422741470069,94.20829294328415,93.61308927445948,98.2442276895556,109.20524587364298,126.30506074123343,132.3220131673071,142.48056605963575,151.19725917262986
291,No,124.69843790210552,116.90551976010374,126.68025596305931,143.03586112960184,134.79420622891297,171.8210169786578,162.95960629782212,188.0626650477663,182.90617182502308
292,No,106.65258355587807,118.49655856509393,124.99890670188098,127.82689597783775,139.32312471160404,156.68587795313132,175.00007525935428,165.81890349197528,165.03258520468995
293,No,76.00888530913883,87.1389084923669,81.84113436878187,92.83101076240048,95.51224837149428,99.89319808053747,113.678272648759,122.8540535959647,113.52435609725393
294,No,130.73281344678088,158.40534906181455,153.81123627563585,177.60761277023585,184.6000476434264,197.0486421117351,189.53012280743013,164.6854240528677,175.45295806275396
295,No,74.91534303844384,90.79068053375138,86.28452709007996,79.35932333307228,101.27560006014232,115.71225796761951,121.9110220373054,127.97065608532785,148.8664774451483
296,No,118.83926856096019,126.80827542240867,137.2308907597035,126.66917827095804,148.59511053228005,147.2392271251956,163.82219179952122,165.68445102058317,162.88671090114525
297,No,97.90017806518765,140.66969249034645,122.77274789846257,133.8407198641188,147.98005701562883,155.53544250425617,175.10138359149528,162.63243207792195,162.0943013221235
298,No,151.02464606243262,139.40262501050435,162.74832551345833,163.9469147490224,187.23287261995844,186.4939958864552,184.93545577236563,182.15442685358016,191.92421965328185
299,No,107.00354879267104,141.64693447020682,156.12705763458962,137.1321928772998,132.82730576124828,153.38675315434548,148.34549013681584,171.9669621187362,166.49896724305074
300,No,103.42151297154103,86.78200436285954,110.59886304410331,121.23458454315278,121.22245171400681,135.2511824423726,143.82120067466647,149.36622442309488,144.36185112344631
301,No,112.05285270011464,129.41341165815592,140.10090308192906,152.71186971919226,172.5067243237628,153.8618255594805,173.56145148875552,163.5756812534936,153.0953282389995
302,No,135.40294875415546,148.24744892319478,175.45705233082697,148.98581367464934,180.89587049189063,171.12187068885416,146.29837069000388,177.0038647841105,186.5278957474219
303,No,59.686548950171776,85.28328733767933,68.80215339051462,74.12282571351474,80.73166731358549,90.91184162275297,100.87064113788324,86.82727655213392,111.45683594538323
304,No,79.87762346792599,110.23127859542075,108.5397980390376,110.43130698558528,112.84131604126782,135.0850265738169,122.36838503753168,154.1971157378886,141.67485975015245
305,Yes,47.812818615734535,58.88307575922914,44.6401662620365,58.69095669690934,70.6454998511231,77.4386819825092,83.67156518930503,119.73047485857886,145.40048451568103
306,No,106.94198564438376,116.30562093669496,133.6665680161368,144.85449970623563,175.03823061960372,163.28265795780356,193.08050853393667,176.58522427776006,162.16493921195757
307,No,111.06897866624547,102.84438882872568,123.23754264639808,118.2431585982282,136.24902780030547,146.16761205635675,156.57886321308683,140.77170890291623,151.8527891405845
308,No,96.34219765436156,102.41790769649783,97.649764065127,138.83045533586147,114.89437152919203,134.04190206387932,151.46596586860338,140.81402057094738,152.5698735214359
309,No,94.82394923948551,108.45451782781663,91.612382763538,92.08794593412269,102.76226817071591,139.92969333093984,135.07000765992072,147.77501053338847,152.36178649767638
310,No,115.87001187109126,148.64418338736792,118.3526255414,168.95561560044976,145.5393292293832,156.19546771974987,159.93534078148377,150.163788143854,156.38332735413152
311,No,77.33108971371627,101.29763519342252,110.45301168895843,124.05051505940311,142.19215960505545,126.56351371481348,146.4124560852801,130.99755000909744,141.06071622285023
312,No,98.2310569418091,118.40164620828789,135.10435956300194,135.266776511404,142.77998203908254,153.43063191063686,154.23342295534295,157.45040747673863,153.24130209930667
313,No,106.9562710919971,108.34049633111225,126.22635809022731,112.62391097503,140.30080245117608,132.18944506301983,140.77543490279865,140.57572290773018,139.80669873506395
314,No,125.3164388987146,126.27772153244618,146.1706465579631,155.89142784961427,144.35496651104876,141.49295138937475,153.88082487545645,167.39585183133696,151.98474838716623
315,No,122.0984747556883,103.83830143879558,113.06496383668376,130.06772135950519,129.87507253133163,118.71653600700336,147.93189618230818,143.5195649834654,132.13105517781386
316,No,63.96446236621957,86.77879459606324,66.65947136353606,76.00463544008724,88.4544139738322,107.35120022516534,111.79721612844168,117.22466858048462,135.7085461436135
317,No,126.81049011082236,163.39697442997573,194.7980548803865,217.61558840563163,207.2111830768763,207.28719643953826,192.42036480263792,177.78785435937093,156.58827123579647
318,No,70.3359810709095,80.96377579254977,79.08592180959769,76.02992807612574,107.14710605133168,112.43500050109705,118.06976810291624,124.51995842947575,128.29682205234135
319,No,99.81603898210217,106.0138626771993,113.27021167941983,95.8390620940218,109.6535007496862,127.87523779224924,118.18058301106865,140.3976559872387,143.4284715124653
320,No,98.79986844039651,117.44595120086746,94.43049379131394,104.0707002402049,115.77722602808598,121.41920925440236,115.22102682146556,133.18506739290584,131.74951720703484
321,No,89.68329146545449,90.40629149834737,81.42551151998322,109.40557874990266,109.66777564105507,109.68058368366707,125.35574592612647,109.19696090693495,153.05040640010301
322,No,93.06090981779549,102.434378763667,94.05169233268678,110.57292339992831,129.69552355559085,111.06185960691334,130.26759326266398,123.70071288252458,120.1214330996666
323,No,77.77197822574132,93.72148454689108,93.48332122008134,103.89212330911204,117.27861002354277,103.16941139136544,117.29301631632883,127.55967238474435,126.27246586629786
324,No,102.38785100591438,124.16417752574465,116.23186073246396,136.90735464146636,149.2963578566142,146.23136883223975,126.93484850890759,149.1164458358966,144.8334357464082
325,No,134.09148207059081,144.02561412019836,155.5854372919496,175.78950940540278,185.23733645322093,178.1276874852561,167.86604515102388,184.37095014288343,156.3303285420094
326,No,137.13199472248385,131.55819962326797,145.1419223286953,143.90943032193184,165.27868316703035,170.4469202365334,172.0058515857904,181.47464409002058,170.52380416480258
327,No,80.48376653068877,94.71608712183547,84.69029693015608,101.00949442081505,99.62147522552155,117.633068929062,118.83618469501369,125.40467483350629,142.8669320552672
328,No,103.58038728034293,145.1131346416933,121.78745684508304,150.0435439572769,137.77750983699858,149.26902232927895,154.13179647743596,151.80388007268053,149.36956988204267
329,Yes,68.64947978941156,78.56879074926908,76.09397354853826,95.14254764543603,90.74192399927179,116.17503710619499,125.26271448609346,136.3186492298281,172.7742997865917
330,No,97.34975238593832,95.95590805354786,108.94576085146082,103.18038184388655,105.5172694433573,110.35982476865964,138.5313049152173,127.40502563113213,139.20707725236966
331,No,79.61959028395441,98.11397027039258,99.2587702866525,103.25809861987334,102.49593423203007,118.27275795272996,116.10729554821863,138.53487634094998,174.98028434580195
332,No,82.59523192363952,86.03390872793958,93.3748878122964,131.07013484990458,113.37152163560278,130.4679800189878,133.67691136723073,135.7533115762526,149.90348032804417
333,Yes,84.91571298910985,51.11106723517094,59.021058318881366,53.746610237877675,70.92914521778692,99.62259892617078,86.9074639079118,112.41267341876886,141.0076005819673
334,No,121.15294708161399,144.22775486578854,149.8933297249166,162.6869984869407,159.5780882154276,163.3589896037313,147.33127456866976,153.60617541500136,160.29198273410393
335,No,106.69837313731017,134.25281697912064,123.1987280022655,133.80575186689762,149.73532573532754,153.06872945065132,135.4450578228823,157.4996138660884,137.5905351581812
336,No,69.40482382654102,81.68555756391359,101.66930969803823,97.05428590245555,117.17708225280929,110.90066337381108,120.7389636733987,118.1641405389322,134.1670669131199
337,No,87.89680329638438,90.0872162510509,100.80544243480207,108.01884579069838,108.36253644550555,106.74559178736726,128.2556598742076,113.99959880668543,147.11312138224113
338,No,116.95270066295022,127.68699804966171,140.70235316482302,156.2906435209718,155.1149180322886,164.63630561276358,145.89769673401204,142.69558741386953,168.89400521669612
339,No,103.01340475686781,78.82410178498932,117.07548708474,109.7599064340804,148.12756806247688,144.7388438314801,145.98270563540152,142.97805959984373,164.3655697828848
340,No,103.47271867284304,94.88918725762494,114.36100282920623,119.71869371359746,124.70802987371744,134.02218361732935,143.86253755502875,158.7348561007856,172.5361721700481
341,No,92.11907845965514,72.78002598078392,81.4966694083895,106.34825082130772,87.67355022122811,118.5949992805989,129.53930895819093,129.15947009829517,144.14976349877824
342,No,100.24710937298276,103.21021320440609,147.44576143228656,154.9380770247513,144.9410352769028,179.79540328320732,157.7935453309254,154.6891871906004,166.520467087518
343,No,97.95101013559263,93.89419248220412,103.58955672709622,108.3193399854284,115.14813784543125,127.77797445776893,126.95683813314557,132.00509927591582,169.2322711067793
344,No,103.52638181575315,103.72693270031216,124.96680759740391,142.40510829333917,143.92971574495448,152.99925567630098,168.22796832076526,169.12490116416856,155.3154281442281
345,No,126.7802283728235,141.8702669183228,142.65457349611003,166.9742974142649,167.12488670840605,167.41015474702107,169.88940848257656,160.0550628231174,165.31791271662738
346,No,95.83806482134331,133.01656792753434,134.6692172294418,160.797279214393,137.5388080272314,149.24673756237374,162.96274348075977,154.30668097740266,150.57929929380126
347,No,134.30588840538937,120.39812610907592,127.19657512835172,133.5276451181108,128.82994019937428,133.45056007187975,128.47862996388517,151.63409324437055,160.92107176645712
348,No,95.448963926289,65.89231537469658,94.49015171251968,109.72301731189275,111.01904055758234,108.39878429149312,121.62558713113259,154.14973718654446,161.9616186790055
349,No,109.24190684489929,121.5776707044226,130.8504191813285,126.88133168793019,152.61256333551327,127.17827037517587,141.87913118260903,150.6037318400041,156.3665478916003
350,No,111.9037270807733,95.4379921108824,109.17553615435415,113.30275713733315,143.2881129643599,126.56836759035833,152.92805562331253,137.07172015837133,176.92462394997523
351,No,65.47524306549056,65.4048821613188,96.97945841920844,94.24961095140752,88.7601290278502,99.87901038886915,117.96975384006038,123.91053576660818,110.69130426826027
352,No,69.77852614888471,79.89660096690736,100.90550440071462,113.09347294749647,93.06059980161311,111.28850075051315,104.09054922856413,133.16548216437576,141.04147119893344
353,No,87.05409985475846,85.54029544764605,81.69305637863448,86.8640745460596,118.89063093251771,95.09948187908647,119.82121360650447,136.40804141922018,157.92006730884992
354,No,90.45317167802551,81.15070498263609,91.76605936130997,104.01818847346746,107.882602918577,124.86512486318894,127.42347100475668,147.77692495075638,139.7899217639996
355,No,126.37122956422861,134.40793523534992,130.65832916812113,150.9876222530747,155.73515842370904,171.82357403731385,162.584639057547,175.94224612988256,170.6983363104843
356,No,87.40189555836298,101.10459222296438,75.55818062319202,92.4881088417117,116.06959665636266,116.74230890097138,117.9791737582619,136.76680120072717,136.2838534448918
357,No,145.02681958126493,185.4992865755578,196.51410264310505,194.3989657839274,179.97407359740322,188.62174034274054,194.12346834289497,187.8240073915652,165.62421393514813
358,No,106.03360860458965,120.9246958697068,131.55577010580882,144.33651405630718,141.56341320024544,167.2730351421664,163.14149654819275,173.1844558948894,144.29706731502142
359,No,104.70492188461333,116.98919099691079,127.93416008302725,155.30446157314597,136.90114901606916,136.53958549186015,164.2144011550026,157.4121334257208,164.813661089728
360,No,131.24427457115974,148.03845956962465,144.2159857049726,152.24059360260162,144.290752236405,166.6833030033843,166.62632479284417,159.24730552310436,157.45002842360617
361,No,86.57773748657814,79.28956900119712,84.04996640920137,86.48343819131946,94.10447774059011,117.87204894084552,115.61848712320447,113.62503686900479,145.3439219576497
362,No,85.61984650960784,88.64865139663091,103.66692675739343,126.63949525814033,134.9248849409723,115.69393332566487,159.99477786761173,134.46461972022064,148.02591598883194
363,No,137.10180020926475,155.2171904298598,178.7796299113685,176.9079964131513,189.51770709965888,196.60525247501053,169.8813808404869,174.74009002426283,167.0470175267502
364,No,106.58147828786073,132.72492828991255,147.7371286227201,138.71875910243818,161.3445530628729,165.26920949715378,175.59164939659922,150.89235872877225,181.350968204853
365,No,109.38548082726946,112.90481694227236,121.16165918455799,104.677291125184,119.42166614790432,125.82964460455712,163.32010865771258,170.8861664170023,167.30871108789003
366,No,96.30999226235437,129.91513178513003,135.87723788538668,143.67228131731818,146.85775686027407,157.2099210991202,165.52237207043487,154.4713841536744,168.50249779122544
367,No,85.88592579699244,89.30937725603373,79.74974510058081,115.25942019002912,98.06519487936512,118.76342467984551,120.30673891422067,127.40217479445695,135.04145761744522
368,No,120.50526032930574,126.51969267306617,147.1829486493729,164.95326578038828,131.92649648597225,149.36145738150404,161.10299663108097,161.2309420516364,173.40909986000605
369,No,83.16346504999686,99.76556576848115,95.11613740859762,94.78056713713008,104.31762223707744,105.75655379040619,114.31742552901788,122.70121181342007,139.08793181397292
370,No,77.26206380563482,69.40560653495803,79.67308426303599,99.88262563545028,98.58404379659527,115.24781683175058,125.52904471174185,131.05351680846047,141.46613961995354
371,No,100.38578847748676,132.2579984790449,141.30599211186092,137.0945369164261,163.33126832977158,138.8580950645895,156.03801176187898,173.85606960422507,164.97127947288658
372,No,73.61609954486123,93.37609245759779,88.62750521037971,72.98855959013187,111.48182972724948,101.55857989162767,110.65227811269472,127.66436826075184,141.75436100007994
373,No,130.9547060322618,134.15311052247287,141.06518021723596,132.80992492214602,159.46333798028618,132.0851338045553,147.3704430743151,158.58661512876546,149.59570168677143
374,No,98.58463971789868,111.16554052991826,126.67612713216154,143.77572617552056,135.1326332471946,153.66285444152757,155.73515402135328,141.8110244492699,170.39228280687985
375,No,135.26486980769363,136.20916597374932,149.53132527622142,149.76296886849565,163.36835105317903,179.17838187335826,164.09052647561035,158.3934780482896,157.48944071746618
376,No,102.29549404317706,140.4855985287903,144.49523910635088,159.42639904261776,137.61051197083222,163.8658550895762,161.97184434317293,172.12691907241393,158.2501868466611
377,No,81.55857600028844,90.27336873338439,98.87347686161866,78.94407247767066,103.63777681366673,109.76841583488623,115.26179407009786,130.80218848070115,138.20543572554146
378,No,93.68610682413228,86.36835365276423,78.42019206297016,118.30794577624236,112.09167977859983,120.25266603109752,111.89153150789606,104.40801948879121,143.06615209815288
379,No,78.48784614830116,72.35471897774212,75.6435363787648,91.69083670992558,101.23271332152424,100.80909249912283,91.06416553309836,114.6308332352331,150.4898094261542
380,No,125.83873896431736,144.96606270818813,158.2568522410987,187.7151442001641,180.3815375280628,187.91668839961818,198.2571362033296,173.54465334596534,164.23248470660414
381,No,116.91801943151995,124.07506215981134,125.35549183413397,127.48659905766868,150.93775021069536,163.7003570838621,162.66985466696534,155.43579945637893,156.3207466287394
382,No,126.22692859528644,137.69300832006354,157.01948053065558,164.4275570376955,163.63013200336692,179.84586744226576,204.950023764785,165.05298140568078,189.98006506169372
383,No,81.85145946530548,74.29269042338224,104.57224810428183,101.34002436656601,97.12515648766794,113.1339599059348,120.43667501686916,146.69519324934657,141.61759276419187
384,Yes,59.93378663247151,90.72034187640521,96.13175495829363,92.14328057454313,103.50505155631213,114.28525109403074,122.36107256514745,132.87776774359375,149.10803393202377
385,No,94.13798503516371,105.11700601820309,99.38110320981353,104.25644890182346,126.24557733441172,114.80417942194005,140.7598165300029,153.14573964120356,170.60211540706624
386,No,120.16708860651279,119.25796092707915,131.90722919622758,139.0888305526323,145.82678325763015,143.40596447471125,157.10981646351962,153.9091124697643,174.46413038549534
387,No,96.20447219649233,91.19034207286595,114.64430668890267,95.70532123945574,104.81841644420729,117.34520248752877,109.5764701504735,125.78495770002915,124.34690093663977
388,No,105.4149024928058,146.90352363031406,162.15556522179426,159.2544541449019,178.62570864178946,172.20516143677253,167.38683733280678,154.67919039501905,148.65718126984893
389,No,101.02059202332246,123.5630224690614,136.82091646744908,128.02633658559594,126.12544752542122,151.08287888296516,152.66721596663297,148.5214655028043,133.78887644932448
390,No,81.64383297275816,89.18239382658669,105.0448237116028,90.60713973792326,111.04708178400776,127.30526487391037,135.48568737168543,136.34462614267574,134.89029910496785
391,No,120.74041109981184,109.06232640032796,111.74195072921623,142.15155150239667,135.82215551500295,143.35574056498214,155.08813004980456,150.28072176652356,172.90288407071117
392,No,102.33562371488944,104.86217805640615,107.54355994819674,116.2948836483707,124.62539822623408,122.4697328822139,153.9693900500633,137.83948767939205,166.49200704886334
393,No,120.26160036930064,136.82994402889744,144.86837390657567,153.59586654476064,163.83707625673466,157.23296434723295,178.05869889539707,166.83183982532623,152.6961445784506
394,No,74.27029681263718,76.81199593626914,91.37407844389978,96.28838329752892,98.28364136696315,112.28775735645624,117.39244049478388,128.19061751392903,136.97661697627993
395,No,107.50400335415667,107.28821281494238,134.39626573131883,119.31190325703703,113.04505290767237,126.7335001220892,136.7610323483909,136.28619872962238,151.6406313122733
396,No,92.49574559119404,88.13780716947453,99.67910988961181,100.26040707210896,100.56950751361545,100.31923484789198,127.81883982202682,119.72514784765914,110.04570306633505
397,No,115.10633522053456,148.2711947331015,156.80633527650002,138.88805460444058,172.62995513040843,159.15051732863702,164.95881351459016,175.87599632631648,160.31882471900082
398,No,114.7502450196564,123.57378702108896,126.44208764112086,121.25427472776016,142.1780114634911,133.54205146728276,131.17588735125955,145.69694557411748,153.93009657623594
399,No,132.71034652726155,138.154544274247,161.92252189060946,164.3560255204382,179.63648184708703,179.59472499746403,184.4852501646564,181.85585371467891,160.28818241740606
400,No,83.56025134302888,97.87735860911341,93.13037329490767,95.04089488194408,108.53699711457013,121.15643139629313,136.3730913597539,126.67825116054328,132.1360360497828
401,No,85.49791907392083,83.0925947393268,109.63472364728342,114.95417125279589,105.72480777645563,106.25695380509762,124.07179395961184,143.74792391512455,127.06128125666967
402,Yes,87.69882511210366,101.39518314555129,56.54051640443168,102.0256757833631,92.42782212315768,119.83596788223728,118.79374265055563,122.75903965300128,159.91335239437493
403,No,78.99108524543163,98.11080117509583,73.7467301006466,75.66111101280401,93.81903145539997,102.81388391627232,100.5943740099213,120.71818743365463,136.86194829181213
404,No,72.52018639273015,61.18859028095759,76.16592725152918,79.90821316603208,84.6590589863604,100.96470649931193,94.13208533611541,99.49618074411583,115.96732122850585
405,No,115.5443214168933,123.32039056208154,140.2427868258511,150.42077755034086,155.23372274439595,123.48641700354271,162.06681417851073,139.86045576278875,155.83920731754893
406,No,134.99002114441373,149.9974875757407,155.66910232947237,187.1300241016715,186.31341263944137,169.7073796911701,179.16719848695055,177.58496385639398,172.94540412986018
407,No,134.03336186690018,126.86628162687293,167.62524306079388,161.2440145133524,175.5335626425478,178.78399711304246,178.58546106692575,160.85016603831602,175.45327648956388
408,No,134.84972851324886,155.0755444443903,144.10704954550874,171.03179905283872,175.38276217448265,169.62622391385568,178.32417849651324,189.66601873795352,172.70408051752068
409,Yes,36.90660207583088,51.975569722776754,56.75021296318176,72.49995467536681,63.406145961766285,88.65743376362809,86.51273744367712,104.58460395726814,117.75178906613638
410,No,94.39563815725457,117.41309827813703,109.28005628704734,133.85601013779865,122.63883864404126,132.47817888181453,139.77571098844,143.38163934691235,149.64175480144843
411,No,110.36727970183186,102.16460517124592,112.44975876200421,129.69380656613308,129.94436153489033,126.67001751729322,144.3054207768131,159.22869050411094,155.99276354846168
412,No,85.24981408947535,80.97213366268188,80.32924834139476,84.62425299291282,102.32035083099345,90.73449722410645,124.47462826948683,136.89432435917095,146.1383326254772
413,No,113.5578941688924,125.00604346949868,125.22137294733403,140.98460109206349,138.5500678757968,143.8367988709423,179.88743248318843,157.02918362589156,158.05694565418418
414,No,101.63963462062974,116.16855491727198,121.00492214809941,142.31165561670502,142.23687648666458,129.78893363848388,147.34322620570654,152.72659423951376,152.68966679372008
415,Yes,67.04774599134853,77.09483640633782,78.12277736877563,86.43215482283802,77.56427773311773,101.81342711268528,113.41194980413867,151.09683159530192,146.67836392499652
416,No,74.73186833329434,113.50345559281169,137.57032873054567,143.3841177643927,125.02820152490492,129.01539056573816,160.67501083270201,154.48345114028896,174.7090416103278
417,No,114.06352160886013,112.23357784574016,136.89959304076672,142.08598565277518,156.66771570799762,167.36390186475614,174.74162964032166,172.46763575494043,154.46462555783407
418,No,116.57523792652765,127.905461015172,144.48831183238275,158.14550906709786,181.81725405484963,191.83916198039458,172.34375630243125,182.09078710101335,166.46935129330546
419,No,82.20993135787987,100.06584970141921,106.1253065447891,104.35325728644918,133.4171837964555,120.15519552858078,115.12805915122328,115.18279509528094,137.4001803891308
420,No,86.33267472443272,73.60815165440077,92.41809754885612,93.92837551510264,113.66943856017869,108.8476227742797,112.27807351471533,133.05256526865617,138.1383099399494
421,No,113.86543073128814,124.32841376231687,148.34816449280723,161.91689851378592,155.6116688047262,160.4301046358074,156.75795998122862,167.32592679580443,158.39864070601737
422,No,101.05873318447861,132.94634197733893,125.11699904723997,125.6822929956051,147.2294406055576,145.76840598373138,155.87612267340396,137.10145747669623,163.06151206528517
423,No,106.5762205401177,112.29899974495879,121.44924818932039,127.010219789024,142.79438380739973,131.8345268676213,118.58101911520349,144.94255323391226,151.6408226690723
424,No,79.36205973086012,57.05637716963399,82.66784797194984,83.20490245163197,92.4962475039912,94.45654229784373,104.03587524628857,120.8529134046046,129.14930274960705
425,No,83.19095741683007,110.78022168998223,108.73194586418715,126.79604681212585,118.26550567279422,121.02852646254607,132.51421513994114,144.28612103805628,150.86607184683317
426,No,107.90589025159241,102.04350023351559,115.15844624530776,125.90167164531425,132.23321535584572,143.25384712550334,145.22092893184492,145.27157820379767,150.06976507844274
427,No,127.91932236922098,160.61706840997203,170.23306084294373,184.66336553297475,186.60915116668522,205.8090848547851,195.75388583523002,208.17233702774217,193.9712744603552
428,No,77.95652172127457,92.75333652567613,116.7478471885683,131.2122202592843,108.24701000570775,121.18211403477112,152.0540132490625,132.60306506958418,123.64107421881828
429,No,123.14588601948829,140.74791484334622,153.91376033266445,161.2127279227492,142.96244912636823,162.8353545930653,159.73861113066584,168.31990019003408,157.72829397528028
430,No,107.43204132924302,100.05846296247954,101.46912184376095,123.11053015851245,112.25523377304665,130.88263508106655,136.9397975234062,164.2259526632787,171.5412952920453
431,No,105.46353718908848,114.41100349865236,106.8462725141687,107.28532616514983,128.536474078012,123.36599488637182,121.04759986913713,132.8515242453799,134.19551026969143
432,Yes,49.11757526983705,48.085208626268965,56.18958483818513,45.186052552387466,80.84227382597292,87.62423898341336,90.13461040324412,138.82471725649165,157.13528541538213
433,Yes,65.31169232458224,76.13345680053123,76.17508097928635,105.47405372292721,91.0087295308939,127.78965858447228,110.98303776258811,119.9401315958448,150.47051198267351
434,No,108.30459203216645,124.02891583611408,125.32953899954506,126.05356773611975,122.94629337662323,153.0211924859717,152.6723416682597,159.23283789128166,171.35373820397993
435,No,103.40875187756885,113.67513360323805,123.3356591562623,139.50085278308904,151.78185998946174,143.7929122172209,157.2880539407363,161.78279047985535,170.31324873525074
436,Yes,49.387560172529604,42.752901903015484,43.74940638681578,44.239547999295766,38.45813069371778,60.30701819601714,60.05316782153062,87.91072428099648,120.43612703407709
437,No,92.62916895023088,106.33205674514359,87.92342029604654,98.1263313490479,109.451218004679,110.3327640780214,121.15863078877352,147.0868444459409,122.92835185963874
438,No,83.49862868547332,105.24909894221139,116.95950286394488,126.17689167474104,131.07379786290954,126.36090756199766,142.73417368647972,141.94091992084074,128.92806968995885
439,No,64.0556569692892,81.94073145525368,86.21884583068159,99.28837483559242,92.46767095000624,105.96053287574537,107.51227676491456,121.4805226643394,124.0709861757918
440,No,84.85103264912539,94.62558553505127,93.1357392212491,87.62094163916942,105.42597552831148,114.8530457499333,133.83114961144247,138.48526810382202,157.31202077452943
441,No,122.24247433079965,114.10197000753612,139.66130508199086,161.495029843249,161.79597741392382,151.68291043182347,155.93798161625065,161.1483491985498,158.55821099067006
442,No,124.42601649562036,125.71572227269824,138.6780595562438,148.0458447045368,138.85318566400946,141.3512711748911,150.459729765044,142.4842007370947,141.85816745009694
443,No,119.94357817347101,116.34136651387401,144.20474364381295,156.43765961459812,151.41095239242273,154.19964662935013,173.58896462031828,193.1497580072291,180.71750336309884
444,No,106.34545481604448,101.55173068077814,109.17394941553768,118.31919015632123,124.11366778384885,140.79634581181625,153.097998413237,134.74910621557834,154.36030410593918
445,No,75.76461100264241,88.03869607777348,93.76790443160134,95.92429984526217,120.40649399125788,113.6576397282542,134.33739154597586,134.18933615496329,157.76949614574593
446,No,95.43581639100375,113.01204367248945,119.11977506126391,109.38432654957101,126.72054988022774,127.0744888536102,134.7448711013068,143.23581784690217,127.90439317564304
447,No,97.14717680313986,107.77830709575287,121.48249303316814,109.53447579595203,130.87096637401467,135.90886751345954,130.62474653998856,138.30571493520554,140.67857177777017
448,No,115.50199229714079,148.93038940046478,133.85944645313768,155.603599384122,183.66357863412787,161.87684322654547,177.78175390209506,178.95874164807276,154.35301769981223
449,No,100.6875563928366,113.61086486829613,123.94445655803912,137.234110770609,143.75824920473474,139.5731047498653,140.2306982698598,151.55730665601266,153.94198559756822
450,No,69.1006875608989,99.20422041712841,103.916210937767,107.94640981344727,130.13569250495237,123.9753921732752,142.64459223536625,156.29040089966577,159.61690432134793
451,No,101.00228432321707,101.86057667144638,106.29158012752976,124.63983207959328,113.40345050546297,134.86909140117353,130.93797414421127,157.5936564784347,140.7926520954267
452,No,109.27481620684422,96.61396656940772,126.42215921049466,124.7144068825287,124.15790450562581,129.44674118704535,143.0459078268122,154.2281382423858,165.77211140883537
453,No,128.69435357784414,142.0787492146828,179.82708992699028,155.28543051564972,175.9324861060652,182.67402023532912,200.43119784181502,182.13842941563598,190.29041292371335
454,No,87.42635595223075,72.68741369080358,85.10467763976321,118.09801485505035,85.37360693948156,106.74430965543024,124.4800289830468,106.91519842639337,123.62341043172111
455,No,94.85617627382082,90.1303722734965,95.3970227123902,111.19098689422455,102.93727429957796,99.46441874743607,121.9953725636749,141.3964981894001,131.01704591900864
456,No,99.40314733686661,139.8639052257549,132.4708998317465,143.15699272525512,163.57181661692823,156.75886672598986,174.98949848459034,159.50315719254428,172.85240882933076
457,No,93.0280479558716,112.73851301212868,105.86072493148889,135.61360348664283,145.43571782086534,137.79357576209094,128.82278226885356,139.24520431192434,124.24000162732527
458,No,118.155323085349,122.35468960517706,135.19087993764867,146.8925062532344,147.2426211210256,164.62313586560086,151.01920923750643,163.90733913347236,170.6970551717207
459,No,115.8015706366645,146.91593804322838,144.20831117548354,155.106229296224,158.4668985352524,160.52205823586706,158.60464643595986,168.4269753840104,180.99625671453097
460,No,83.06848707322425,79.82453343560306,69.93015599096051,88.99862706319232,109.059534955834,110.62360774152984,122.75743137054023,134.55329128024525,139.15220243332632
461,Yes,95.35719132810668,80.96088213905396,52.82769766970104,75.92061568072143,85.96117915536689,117.57119574675315,107.99395969907033,131.286580020577,152.9655400868735
462,No,108.186065867058,114.69204814075063,126.10058996912878,132.9219924680189,146.45990956361265,148.24920278851275,164.80473018217725,160.29943302225035,117.87620064331018
463,No,106.30163025424251,141.15243950943193,126.54043941532416,135.3261060445165,156.54205365850902,164.44092416505572,145.17078302435235,166.2831826731774,166.19049241802136
464,No,81.86587716423927,91.24351663536083,101.78402102478249,112.40730492277777,146.67631135118893,119.68690172195856,154.49280922301733,164.78852609732357,169.8058618351672
465,No,94.87432135811243,91.1909877262535,95.15614147575306,101.99705148743514,122.68021665249468,109.94398887798602,132.56773590815718,155.86464856196807,169.5753780151956
466,No,72.20957474312883,96.28125813602938,96.81562883297525,87.30057352566035,95.73024466818998,92.13075226292855,121.37271904964615,119.83282171708117,137.0294319488113
467,No,95.73958152475791,108.90542509272174,126.24712864005393,103.77403760954414,143.46120565764372,151.50336302702414,142.62481996925416,159.9689268507013,147.66029651861666
468,No,89.54773811033702,118.29215840588978,114.6971558627069,137.02005275357163,135.82693804959763,134.55334418673038,157.98224555624927,147.9554727953025,152.67583124621225
469,No,131.01175124954065,140.6480583378305,170.67357519286446,195.2547380070671,195.58497125029714,182.57014905159807,190.8141372981693,182.31898619212978,167.8494886825829
470,Yes,83.75139246397559,79.63026642262228,64.1559372859064,94.0908345235651,100.32924902405608,116.43571507611323,127.8846609721488,153.06475272137257,166.75705391286604
471,No,121.03610375493271,114.0279351156142,107.85938573786797,119.73541927551216,117.33614213816074,130.6999467581568,142.1265995312486,143.05072424234393,148.68262115202006
472,No,117.12172878647851,136.84511431226792,146.01179959433225,154.8287906778962,149.2867562577302,181.84342860793475,173.29885494222526,172.203672648355,157.2204441561786
473,No,94.13371002351268,108.41754605313561,131.4657111329928,114.81893632640599,131.0191655470354,126.54758453131888,111.95179259377858,143.54813223458297,146.99049166514519
474,No,75.01030168884228,100.51255734268679,106.69073590989449,100.94428670471362,117.76632294473978,128.40713843850085,116.2049087955663,142.78457871633108,150.8929627001671
475,No,100.80659776945154,101.23977889381186,132.1081112093546,131.0961484743299,145.83770591386056,143.8685510485887,129.61666060205425,137.32488637801129,137.75646549032479
476,No,117.38317231517684,127.58725317757985,144.25725169144874,137.7007922516527,140.88231838370638,172.58508691222747,169.04114301905557,165.588767128463,173.85287158800057
477,No,117.90972742840347,157.67680171736882,159.23766338483404,170.49739716774147,173.66261389133564,162.89625401857427,150.5031485973433,140.15567108395217,148.81299772897185
478,No,97.18444108714414,113.9879286426951,132.62020634306424,128.38647636713534,143.17673715083356,147.01203604877045,164.50191660597758,176.26087996971344,163.29606190478486
479,No,94.05101991524529,108.08810063269001,102.83028555118338,121.83494664339057,116.20451207488723,112.37712434345578,138.1250238088963,129.45774863442645,172.49421945641134
480,No,103.56652347078884,111.32933368617694,111.11352549062795,122.49394994167282,123.41158479491637,128.86138936597402,166.41539404088022,150.87357116043168,146.20786823421878
481,No,108.59146070379435,108.66531391233588,103.96662299176641,130.03817886671,152.59480583560662,137.75084619414753,159.42855331923082,148.65263182654644,134.89866203007222
482,No,73.21537338600257,93.86616245215782,115.08755093922905,103.0530419643198,119.41498266085955,114.74088704347636,116.34417938624738,143.85131061373514,133.8250516701103
483,No,120.1284488743502,135.65109777903095,162.65096660022397,153.25359426134133,174.0097973312586,174.05105909720666,179.89751726099783,174.8875067549477,198.07667149386836
484,No,92.68279333380443,112.18953504518144,112.81545089721489,98.99589344940335,106.72060194765321,137.50938269245148,146.56747463889067,121.92975668643435,137.35986275023018
485,No,100.36335938323599,121.35698953195619,130.309859560228,141.78406437678024,135.01998755973634,137.3449510903644,131.27344384978198,168.9459469647934,180.02664847771672
486,No,144.35805884174854,160.22764071351526,178.30218120669753,167.249313339838,166.63700932249134,182.77429034692543,181.36779000239738,181.77312381301925,169.39501914766998
487,No,99.41748489481273,92.14865654185185,115.33689980700808,117.97249316952214,109.01059925961017,147.39745978820974,143.88693261181805,138.01830435411296,154.51401017556398
488,No,112.84754895703708,129.13571185922444,128.3046773360972,143.18135135166273,150.15833328202038,144.37895313879474,130.20213750736772,156.91594607774275,138.1381350095324
489,No,85.47129165927426,87.06713303980844,107.24601850059396,93.43085428551868,118.80194049976427,132.006576742087,113.60368616389064,144.30831439725014,153.60906807843406
490,No,89.741900911408507,88.91576870484418,76.63014450992267,117.23272818277034,96.35626310734551,122.44557932081636,116.62825025579036,129.35780999888607,147.24221039446869
491,No,108.97312000282597,103.48135654852888,120.9436197995576,128.51905652264296,137.52349618340753,149.0675117692861,147.59037699710802,167.7667115378406,151.82194931305514
492,Yes,65.50159933879618,73.37294088846849,62.06823538968352,64.1250665145946,78.94426222584775,86.81961708262652,121.04188052652289,114.9339240774586,150.03094004136645
493,No,112.59856910294694,107.35882140639761,107.43770788068296,106.4394880635777,109.8369307951543,109.36455885769537,136.55898418267955,139.00158845760805,147.9772130806644
494,No,109.30676220127701,111.98882857692136,128.75931530441383,133.69983278244106,144.61017675205605,139.30067584354438,140.71341783765675,133.75337688014596,135.05495457539305
495,No,69.27833540573398,106.85705900009073,92.29924865005233,103.1273954276985,100.51488016307246,121.84569695771029,129.4801008908061,134.040076539193,136.20142212685715
496,Yes,76.43197473879655,75.43319935807344,82.71851040107143,80.5970234416117,78.0258960982015,105.52521589127679,109.6461235013663,119.98579282707445,131.96351289803783
497,No,109.26810990499186,116.25222283642151,122.58358092493557,138.2173044847896,137.88986747141885,145.49712499663548,151.0795911232498,153.98897135163296,146.23858563759921
498,No,123.14606672711622,140.9470673758558,162.08433016599224,149.5132172372179,158.74454348404493,155.71141695167725,157.72452014480044,146.9957601634938,135.09918069831133
499,No,118.03197619517941,138.7346750560378,136.20037405657837,138.8637404316045,160.10738207550128,161.45083863693213,168.4677191656847,181.00544557173555,161.39743034481816
500,No,123.07276913952536,142.85412676832598,149.80114709051938,167.05572964573426,134.65895568126783,164.05866781813833,167.6605909063552,172.6045508170334,173.04463194344288
